symbol,name,type,pair_code
BTCUSDT,BTC,GLOBAL,BTCUSDT
ETHUSDT,ETH,GLOBAL,ETHUSDT
BNBUSDT,BNB,GLOBAL,BNBUSDT
NEOUSDT,NEO,GLOBAL,NEOUSDT
LTCUSDT,LTC,GLOBAL,LTCUSDT
QTUMUSDT,QTUM,GLOBAL,QTUMUSDT
ADAUSDT,ADA,GLOBAL,ADAUSDT
XRPUSDT,XRP,GLOBAL,XRPUSDT
TUSDUSDT,TUSD,GLOBAL,TUSDUSDT
IOTAUSDT,IOTA,GLOBAL,IOTAUSDT
XLMUSDT,XLM,GLOBAL,XLMUSDT
ONTUSDT,ONT,GLOBAL,ONTUSDT
TRXUSDT,TRX,GLOBAL,TRXUSDT
ETCUSDT,ETC,GLOBAL,ETCUSDT
ICXUSDT,ICX,GLOBAL,ICXUSDT
VETUSDT,VET,GLOBAL,VETUSDT
USDCUSDT,USDC,GLOBAL,USDCUSDT
LINKUSDT,LINK,GLOBAL,LINKUSDT
ONGUSDT,ONG,GLOBAL,ONGUSDT
HOTUSDT,HOT,GLOBAL,HOTUSDT
ZILUSDT,ZIL,GLOBAL,ZILUSDT
ZRXUSDT,ZRX,GLOBAL,ZRXUSDT
FETUSDT,FET,GLOBAL,FETUSDT
BATUSDT,BAT,GLOBAL,BATUSDT
ZECUSDT,ZEC,GLOBAL,ZECUSDT
IOSTUSDT,IOST,GLOBAL,IOSTUSDT
CELRUSDT,CELR,GLOBAL,CELRUSDT
DASHUSDT,DASH,GLOBAL,DASHUSDT
THETAUSDT,THETA,GLOBAL,THETAUSDT
ENJUSDT,ENJ,GLOBAL,ENJUSDT
ATOMUSDT,ATOM,GLOBAL,ATOMUSDT
TFUELUSDT,TFUEL,GLOBAL,TFUELUSDT
ONEUSDT,ONE,GLOBAL,ONEUSDT
ALGOUSDT,ALGO,GLOBAL,ALGOUSDT
DOGEUSDT,DOGE,GLOBAL,DOGEUSDT
DUSKUSDT,DUSK,GLOBAL,DUSKUSDT
ANKRUSDT,ANKR,GLOBAL,ANKRUSDT
WINUSDT,WIN,GLOBAL,WINUSDT
COSUSDT,COS,GLOBAL,COSUSDT
MTLUSDT,MTL,GLOBAL,MTLUSDT
DENTUSDT,DENT,GLOBAL,DENTUSDT
WANUSDT,WAN,GLOBAL,WANUSDT
FUNUSDT,FUN,GLOBAL,FUNUSDT
CVCUSDT,CVC,GLOBAL,CVCUSDT
CHZUSDT,CHZ,GLOBAL,CHZUSDT
BANDUSDT,BAND,GLOBAL,BANDUSDT
XTZUSDT,XTZ,GLOBAL,XTZUSDT
RVNUSDT,RVN,GLOBAL,RVNUSDT
HBARUSDT,HBAR,GLOBAL,HBARUSDT
NKNUSDT,NKN,GLOBAL,NKNUSDT
STXUSDT,STX,GLOBAL,STXUSDT
KAVAUSDT,KAVA,GLOBAL,KAVAUSDT
ARPAUSDT,ARPA,GLOBAL,ARPAUSDT
IOTXUSDT,IOTX,GLOBAL,IOTXUSDT
RLCUSDT,RLC,GLOBAL,RLCUSDT
BCHUSDT,BCH,GLOBAL,BCHUSDT
FTTUSDT,FTT,GLOBAL,FTTUSDT
EURUSDT,EUR,GLOBAL,EURUSDT
OGNUSDT,OGN,GLOBAL,OGNUSDT
LSKUSDT,LSK,GLOBAL,LSKUSDT
BNTUSDT,BNT,GLOBAL,BNTUSDT
MBLUSDT,MBL,GLOBAL,MBLUSDT
COTIUSDT,COTI,GLOBAL,COTIUSDT
DATAUSDT,DATA,GLOBAL,DATAUSDT
SOLUSDT,SOL,GLOBAL,SOLUSDT
CTSIUSDT,CTSI,GLOBAL,CTSIUSDT
HIVEUSDT,HIVE,GLOBAL,HIVEUSDT
CHRUSDT,CHR,GLOBAL,CHRUSDT
ARDRUSDT,ARDR,GLOBAL,ARDRUSDT
MDTUSDT,MDT,GLOBAL,MDTUSDT
KNCUSDT,KNC,GLOBAL,KNCUSDT
LRCUSDT,LRC,GLOBAL,LRCUSDT
COMPUSDT,COMP,GLOBAL,COMPUSDT
SCUSDT,SC,GLOBAL,SCUSDT
ZENUSDT,ZEN,GLOBAL,ZENUSDT
SNXUSDT,SNX,GLOBAL,SNXUSDT
VTHOUSDT,VTHO,GLOBAL,VTHOUSDT
DGBUSDT,DGB,GLOBAL,DGBUSDT
SXPUSDT,SXP,GLOBAL,SXPUSDT
DCRUSDT,DCR,GLOBAL,DCRUSDT
STORJUSDT,STORJ,GLOBAL,STORJUSDT
MANAUSDT,MANA,GLOBAL,MANAUSDT
YFIUSDT,YFI,GLOBAL,YFIUSDT
JSTUSDT,JST,GLOBAL,JSTUSDT
CRVUSDT,CRV,GLOBAL,CRVUSDT
SANDUSDT,SAND,GLOBAL,SANDUSDT
NMRUSDT,NMR,GLOBAL,NMRUSDT
DOTUSDT,DOT,GLOBAL,DOTUSDT
LUNAUSDT,LUNA,GLOBAL,LUNAUSDT
RSRUSDT,RSR,GLOBAL,RSRUSDT
PAXGUSDT,PAXG,GLOBAL,PAXGUSDT
TRBUSDT,TRB,GLOBAL,TRBUSDT
SUSHIUSDT,SUSHI,GLOBAL,SUSHIUSDT
KSMUSDT,KSM,GLOBAL,KSMUSDT
EGLDUSDT,EGLD,GLOBAL,EGLDUSDT
DIAUSDT,DIA,GLOBAL,DIAUSDT
RUNEUSDT,RUNE,GLOBAL,RUNEUSDT
FIOUSDT,FIO,GLOBAL,FIOUSDT
UMAUSDT,UMA,GLOBAL,UMAUSDT
BELUSDT,BEL,GLOBAL,BELUSDT
UNIUSDT,UNI,GLOBAL,UNIUSDT
OXTUSDT,OXT,GLOBAL,OXTUSDT
SUNUSDT,SUN,GLOBAL,SUNUSDT
AVAXUSDT,AVAX,GLOBAL,AVAXUSDT
UTKUSDT,UTK,GLOBAL,UTKUSDT
XVSUSDT,XVS,GLOBAL,XVSUSDT
AAVEUSDT,AAVE,GLOBAL,AAVEUSDT
NEARUSDT,NEAR,GLOBAL,NEARUSDT
FILUSDT,FIL,GLOBAL,FILUSDT
INJUSDT,INJ,GLOBAL,INJUSDT
AUDIOUSDT,AUDIO,GLOBAL,AUDIOUSDT
CTKUSDT,CTK,GLOBAL,CTKUSDT
AXSUSDT,AXS,GLOBAL,AXSUSDT
STRAXUSDT,STRAX,GLOBAL,STRAXUSDT
ROSEUSDT,ROSE,GLOBAL,ROSEUSDT
AVAUSDT,AVA,GLOBAL,AVAUSDT
SKLUSDT,SKL,GLOBAL,SKLUSDT
GRTUSDT,GRT,GLOBAL,GRTUSDT
JUVUSDT,JUV,GLOBAL,JUVUSDT
PSGUSDT,PSG,GLOBAL,PSGUSDT
1INCHUSDT,1INCH,GLOBAL,1INCHUSDT
OGUSDT,OG,GLOBAL,OGUSDT
ATMUSDT,ATM,GLOBAL,ATMUSDT
ASRUSDT,ASR,GLOBAL,ASRUSDT
CELOUSDT,CELO,GLOBAL,CELOUSDT
RIFUSDT,RIF,GLOBAL,RIFUSDT
TRUUSDT,TRU,GLOBAL,TRUUSDT
CKBUSDT,CKB,GLOBAL,CKBUSDT
TWTUSDT,TWT,GLOBAL,TWTUSDT
SFPUSDT,SFP,GLOBAL,SFPUSDT
DODOUSDT,DODO,GLOBAL,DODOUSDT
CAKEUSDT,CAKE,GLOBAL,CAKEUSDT
ACMUSDT,ACM,GLOBAL,ACMUSDT
OMUSDT,OM,GLOBAL,OMUSDT
PONDUSDT,POND,GLOBAL,PONDUSDT
DEGOUSDT,DEGO,GLOBAL,DEGOUSDT
ALICEUSDT,ALICE,GLOBAL,ALICEUSDT
SUPERUSDT,SUPER,GLOBAL,SUPERUSDT
CFXUSDT,CFX,GLOBAL,CFXUSDT
TKOUSDT,TKO,GLOBAL,TKOUSDT
PUNDIXUSDT,PUNDIX,GLOBAL,PUNDIXUSDT
TLMUSDT,TLM,GLOBAL,TLMUSDT
BARUSDT,BAR,GLOBAL,BARUSDT
FORTHUSDT,FORTH,GLOBAL,FORTHUSDT
SLPUSDT,SLP,GLOBAL,SLPUSDT
SHIBUSDT,SHIB,GLOBAL,SHIBUSDT
ICPUSDT,ICP,GLOBAL,ICPUSDT
ARUSDT,AR,GLOBAL,ARUSDT
MASKUSDT,MASK,GLOBAL,MASKUSDT
LPTUSDT,LPT,GLOBAL,LPTUSDT
XVGUSDT,XVG,GLOBAL,XVGUSDT
ATAUSDT,ATA,GLOBAL,ATAUSDT
GTCUSDT,GTC,GLOBAL,GTCUSDT
PHAUSDT,PHA,GLOBAL,PHAUSDT
MLNUSDT,MLN,GLOBAL,MLNUSDT
DEXEUSDT,DEXE,GLOBAL,DEXEUSDT
C98USDT,C98,GLOBAL,C98USDT
QNTUSDT,QNT,GLOBAL,QNTUSDT
FLOWUSDT,FLOW,GLOBAL,FLOWUSDT
MINAUSDT,MINA,GLOBAL,MINAUSDT
RAYUSDT,RAY,GLOBAL,RAYUSDT
FARMUSDT,FARM,GLOBAL,FARMUSDT
QUICKUSDT,QUICK,GLOBAL,QUICKUSDT
MBOXUSDT,MBOX,GLOBAL,MBOXUSDT
REQUSDT,REQ,GLOBAL,REQUSDT
GHSTUSDT,GHST,GLOBAL,GHSTUSDT
WAXPUSDT,WAXP,GLOBAL,WAXPUSDT
GNOUSDT,GNO,GLOBAL,GNOUSDT
XECUSDT,XEC,GLOBAL,XECUSDT
DYDXUSDT,DYDX,GLOBAL,DYDXUSDT
IDEXUSDT,IDEX,GLOBAL,IDEXUSDT
USDPUSDT,USDP,GLOBAL,USDPUSDT
GALAUSDT,GALA,GLOBAL,GALAUSDT
ILVUSDT,ILV,GLOBAL,ILVUSDT
YGGUSDT,YGG,GLOBAL,YGGUSDT
SYSUSDT,SYS,GLOBAL,SYSUSDT
DFUSDT,DF,GLOBAL,DFUSDT
FIDAUSDT,FIDA,GLOBAL,FIDAUSDT
AGLDUSDT,AGLD,GLOBAL,AGLDUSDT
RADUSDT,RAD,GLOBAL,RADUSDT
RAREUSDT,RARE,GLOBAL,RAREUSDT
LAZIOUSDT,LAZIO,GLOBAL,LAZIOUSDT
CHESSUSDT,CHESS,GLOBAL,CHESSUSDT
ADXUSDT,ADX,GLOBAL,ADXUSDT
AUCTIONUSDT,AUCTION,GLOBAL,AUCTIONUSDT
MOVRUSDT,MOVR,GLOBAL,MOVRUSDT
CITYUSDT,CITY,GLOBAL,CITYUSDT
ENSUSDT,ENS,GLOBAL,ENSUSDT
QIUSDT,QI,GLOBAL,QIUSDT
PORTOUSDT,PORTO,GLOBAL,PORTOUSDT
POWRUSDT,POWR,GLOBAL,POWRUSDT
JASMYUSDT,JASMY,GLOBAL,JASMYUSDT
AMPUSDT,AMP,GLOBAL,AMPUSDT
PYRUSDT,PYR,GLOBAL,PYRUSDT
ALCXUSDT,ALCX,GLOBAL,ALCXUSDT
SANTOSUSDT,SANTOS,GLOBAL,SANTOSUSDT
BICOUSDT,BICO,GLOBAL,BICOUSDT
FLUXUSDT,FLUX,GLOBAL,FLUXUSDT
FXSUSDT,FXS,GLOBAL,FXSUSDT
HIGHUSDT,HIGH,GLOBAL,HIGHUSDT
CVXUSDT,CVX,GLOBAL,CVXUSDT
PEOPLEUSDT,PEOPLE,GLOBAL,PEOPLEUSDT
SPELLUSDT,SPELL,GLOBAL,SPELLUSDT
JOEUSDT,JOE,GLOBAL,JOEUSDT
ACHUSDT,ACH,GLOBAL,ACHUSDT
IMXUSDT,IMX,GLOBAL,IMXUSDT
GLMRUSDT,GLMR,GLOBAL,GLMRUSDT
SCRTUSDT,SCRT,GLOBAL,SCRTUSDT
API3USDT,API3,GLOBAL,API3USDT
BTTCUSDT,BTTC,GLOBAL,BTTCUSDT
ACAUSDT,ACA,GLOBAL,ACAUSDT
XNOUSDT,XNO,GLOBAL,XNOUSDT
WOOUSDT,WOO,GLOBAL,WOOUSDT
ALPINEUSDT,ALPINE,GLOBAL,ALPINEUSDT
TUSDT,T,GLOBAL,TUSDT
ASTRUSDT,ASTR,GLOBAL,ASTRUSDT
GMTUSDT,GMT,GLOBAL,GMTUSDT
APEUSDT,APE,GLOBAL,APEUSDT
BIFIUSDT,BIFI,GLOBAL,BIFIUSDT
STEEMUSDT,STEEM,GLOBAL,STEEMUSDT
NEXOUSDT,NEXO,GLOBAL,NEXOUSDT
LDOUSDT,LDO,GLOBAL,LDOUSDT
OPUSDT,OP,GLOBAL,OPUSDT
STGUSDT,STG,GLOBAL,STGUSDT
LUNCUSDT,LUNC,GLOBAL,LUNCUSDT
GMXUSDT,GMX,GLOBAL,GMXUSDT
POLYXUSDT,POLYX,GLOBAL,POLYXUSDT
APTUSDT,APT,GLOBAL,APTUSDT
OSMOUSDT,OSMO,GLOBAL,OSMOUSDT
HFTUSDT,HFT,GLOBAL,HFTUSDT
PHBUSDT,PHB,GLOBAL,PHBUSDT
HOOKUSDT,HOOK,GLOBAL,HOOKUSDT
MAGICUSDT,MAGIC,GLOBAL,MAGICUSDT
RPLUSDT,RPL,GLOBAL,RPLUSDT
GNSUSDT,GNS,GLOBAL,GNSUSDT
SYNUSDT,SYN,GLOBAL,SYNUSDT
SSVUSDT,SSV,GLOBAL,SSVUSDT
LQTYUSDT,LQTY,GLOBAL,LQTYUSDT
USTCUSDT,USTC,GLOBAL,USTCUSDT
GASUSDT,GAS,GLOBAL,GASUSDT
GLMUSDT,GLM,GLOBAL,GLMUSDT
PROMUSDT,PROM,GLOBAL,PROMUSDT
QKCUSDT,QKC,GLOBAL,QKCUSDT
IDUSDT,ID,GLOBAL,IDUSDT
ARBUSDT,ARB,GLOBAL,ARBUSDT
RDNTUSDT,RDNT,GLOBAL,RDNTUSDT
WBTCUSDT,WBTC,GLOBAL,WBTCUSDT
EDUUSDT,EDU,GLOBAL,EDUUSDT
SUIUSDT,SUI,GLOBAL,SUIUSDT
PEPEUSDT,PEPE,GLOBAL,PEPEUSDT
FLOKIUSDT,FLOKI,GLOBAL,FLOKIUSDT
MAVUSDT,MAV,GLOBAL,MAVUSDT
PENDLEUSDT,PENDLE,GLOBAL,PENDLEUSDT
ARKMUSDT,ARKM,GLOBAL,ARKMUSDT
WBETHUSDT,WBETH,GLOBAL,WBETHUSDT
WLDUSDT,WLD,GLOBAL,WLDUSDT
FDUSDUSDT,FDUSD,GLOBAL,FDUSDUSDT
SEIUSDT,SEI,GLOBAL,SEIUSDT
CYBERUSDT,CYBER,GLOBAL,CYBERUSDT
ARKUSDT,ARK,GLOBAL,ARKUSDT
IQUSDT,IQ,GLOBAL,IQUSDT
NTRNUSDT,NTRN,GLOBAL,NTRNUSDT
TIAUSDT,TIA,GLOBAL,TIAUSDT
MEMEUSDT,MEME,GLOBAL,MEMEUSDT
ORDIUSDT,ORDI,GLOBAL,ORDIUSDT
BEAMXUSDT,BEAMX,GLOBAL,BEAMXUSDT
PIVXUSDT,PIVX,GLOBAL,PIVXUSDT
VICUSDT,VIC,GLOBAL,VICUSDT
BLURUSDT,BLUR,GLOBAL,BLURUSDT
VANRYUSDT,VANRY,GLOBAL,VANRYUSDT
AEURUSDT,AEUR,GLOBAL,AEURUSDT
JTOUSDT,JTO,GLOBAL,JTOUSDT
1000SATSUSDT,1000SATS,GLOBAL,1000SATSUSDT
BONKUSDT,BONK,GLOBAL,BONKUSDT
ACEUSDT,ACE,GLOBAL,ACEUSDT
NFPUSDT,NFP,GLOBAL,NFPUSDT
AIUSDT,AI,GLOBAL,AIUSDT
XAIUSDT,XAI,GLOBAL,XAIUSDT
MANTAUSDT,MANTA,GLOBAL,MANTAUSDT
ALTUSDT,ALT,GLOBAL,ALTUSDT
JUPUSDT,JUP,GLOBAL,JUPUSDT
PYTHUSDT,PYTH,GLOBAL,PYTHUSDT
RONINUSDT,RONIN,GLOBAL,RONINUSDT
DYMUSDT,DYM,GLOBAL,DYMUSDT
PIXELUSDT,PIXEL,GLOBAL,PIXELUSDT
STRKUSDT,STRK,GLOBAL,STRKUSDT
PORTALUSDT,PORTAL,GLOBAL,PORTALUSDT
AXLUSDT,AXL,GLOBAL,AXLUSDT
WIFUSDT,WIF,GLOBAL,WIFUSDT
METISUSDT,METIS,GLOBAL,METISUSDT
AEVOUSDT,AEVO,GLOBAL,AEVOUSDT
BOMEUSDT,BOME,GLOBAL,BOMEUSDT
ETHFIUSDT,ETHFI,GLOBAL,ETHFIUSDT
ENAUSDT,ENA,GLOBAL,ENAUSDT
WUSDT,W,GLOBAL,WUSDT
TNSRUSDT,TNSR,GLOBAL,TNSRUSDT
SAGAUSDT,SAGA,GLOBAL,SAGAUSDT
TAOUSDT,TAO,GLOBAL,TAOUSDT
REZUSDT,REZ,GLOBAL,REZUSDT
BBUSDT,BB,GLOBAL,BBUSDT
NOTUSDT,NOT,GLOBAL,NOTUSDT
IOUSDT,IO,GLOBAL,IOUSDT
ZKUSDT,ZK,GLOBAL,ZKUSDT
LISTAUSDT,LISTA,GLOBAL,LISTAUSDT
ZROUSDT,ZRO,GLOBAL,ZROUSDT
GUSDT,G,GLOBAL,GUSDT
BANANAUSDT,BANANA,GLOBAL,BANANAUSDT
RENDERUSDT,RENDER,GLOBAL,RENDERUSDT
TONUSDT,TON,GLOBAL,TONUSDT
DOGSUSDT,DOGS,GLOBAL,DOGSUSDT
EURIUSDT,EURI,GLOBAL,EURIUSDT
POLUSDT,POL,GLOBAL,POLUSDT
NEIROUSDT,NEIRO,GLOBAL,NEIROUSDT
TURBOUSDT,TURBO,GLOBAL,TURBOUSDT
1MBABYDOGEUSDT,1MBABYDOGE,GLOBAL,1MBABYDOGEUSDT
CATIUSDT,CATI,GLOBAL,CATIUSDT
HMSTRUSDT,HMSTR,GLOBAL,HMSTRUSDT
EIGENUSDT,EIGEN,GLOBAL,EIGENUSDT
SCRUSDT,SCR,GLOBAL,SCRUSDT
BNSOLUSDT,BNSOL,GLOBAL,BNSOLUSDT
LUMIAUSDT,LUMIA,GLOBAL,LUMIAUSDT
KAIAUSDT,KAIA,GLOBAL,KAIAUSDT
COWUSDT,COW,GLOBAL,COWUSDT
CETUSUSDT,CETUS,GLOBAL,CETUSUSDT
PNUTUSDT,PNUT,GLOBAL,PNUTUSDT
ACTUSDT,ACT,GLOBAL,ACTUSDT
USUALUSDT,USUAL,GLOBAL,USUALUSDT
THEUSDT,THE,GLOBAL,THEUSDT
ACXUSDT,ACX,GLOBAL,ACXUSDT
ORCAUSDT,ORCA,GLOBAL,ORCAUSDT
MOVEUSDT,MOVE,GLOBAL,MOVEUSDT
MEUSDT,ME,GLOBAL,MEUSDT
VELODROMEUSDT,VELODROME,GLOBAL,VELODROMEUSDT
VANAUSDT,VANA,GLOBAL,VANAUSDT
1000CATUSDT,1000CAT,GLOBAL,1000CATUSDT
PENGUUSDT,PENGU,GLOBAL,PENGUUSDT
BIOUSDT,BIO,GLOBAL,BIOUSDT
DUSDT,D,GLOBAL,DUSDT
AIXBTUSDT,AIXBT,GLOBAL,AIXBTUSDT
CGPTUSDT,CGPT,GLOBAL,CGPTUSDT
COOKIEUSDT,COOKIE,GLOBAL,COOKIEUSDT
SUSDT,S,GLOBAL,SUSDT
SOLVUSDT,SOLV,GLOBAL,SOLVUSDT
TRUMPUSDT,TRUMP,GLOBAL,TRUMPUSDT
ANIMEUSDT,ANIME,GLOBAL,ANIMEUSDT
BERAUSDT,BERA,GLOBAL,BERAUSDT
1000CHEEMSUSDT,1000CHEEMS,GLOBAL,1000CHEEMSUSDT
TSTUSDT,TST,GLOBAL,TSTUSDT
LAYERUSDT,LAYER,GLOBAL,LAYERUSDT
HEIUSDT,HEI,GLOBAL,HEIUSDT
KAITOUSDT,KAITO,GLOBAL,KAITOUSDT
SHELLUSDT,SHELL,GLOBAL,SHELLUSDT
REDUSDT,RED,GLOBAL,REDUSDT
GPSUSDT,GPS,GLOBAL,GPSUSDT
EPICUSDT,EPIC,GLOBAL,EPICUSDT
BMTUSDT,BMT,GLOBAL,BMTUSDT
FORMUSDT,FORM,GLOBAL,FORMUSDT
XUSDUSDT,XUSD,GLOBAL,XUSDUSDT
NILUSDT,NIL,GLOBAL,NILUSDT
PARTIUSDT,PARTI,GLOBAL,PARTIUSDT
MUBARAKUSDT,MUBARAK,GLOBAL,MUBARAKUSDT
TUTUSDT,TUT,GLOBAL,TUTUSDT
BROCCOLI714USDT,BROCCOLI714,GLOBAL,BROCCOLI714USDT
BANANAS31USDT,BANANAS31,GLOBAL,BANANAS31USDT
GUNUSDT,GUN,GLOBAL,GUNUSDT
BABYUSDT,BABY,GLOBAL,BABYUSDT
ONDOUSDT,ONDO,GLOBAL,ONDOUSDT
BIGTIMEUSDT,BIGTIME,GLOBAL,BIGTIMEUSDT
VIRTUALUSDT,VIRTUAL,GLOBAL,VIRTUALUSDT
KERNELUSDT,KERNEL,GLOBAL,KERNELUSDT
WCTUSDT,WCT,GLOBAL,WCTUSDT
HYPERUSDT,HYPER,GLOBAL,HYPERUSDT
INITUSDT,INIT,GLOBAL,INITUSDT
SIGNUSDT,SIGN,GLOBAL,SIGNUSDT
STOUSDT,STO,GLOBAL,STOUSDT
SYRUPUSDT,SYRUP,GLOBAL,SYRUPUSDT
KMNOUSDT,KMNO,GLOBAL,KMNOUSDT
SXTUSDT,SXT,GLOBAL,SXTUSDT
NXPCUSDT,NXPC,GLOBAL,NXPCUSDT
AWEUSDT,AWE,GLOBAL,AWEUSDT
HAEDALUSDT,HAEDAL,GLOBAL,HAEDALUSDT
USD1USDT,USD1,GLOBAL,USD1USDT
HUMAUSDT,HUMA,GLOBAL,HUMAUSDT
AUSDT,A,GLOBAL,AUSDT
SOPHUSDT,SOPH,GLOBAL,SOPHUSDT
RESOLVUSDT,RESOLV,GLOBAL,RESOLVUSDT
HOMEUSDT,HOME,GLOBAL,HOMEUSDT
SPKUSDT,SPK,GLOBAL,SPKUSDT
NEWTUSDT,NEWT,GLOBAL,NEWTUSDT
SAHARAUSDT,SAHARA,GLOBAL,SAHARAUSDT
LAUSDT,LA,GLOBAL,LAUSDT
ERAUSDT,ERA,GLOBAL,ERAUSDT
CUSDT,C,GLOBAL,CUSDT
TREEUSDT,TREE,GLOBAL,TREEUSDT
A2ZUSDT,A2Z,GLOBAL,A2ZUSDT
TOWNSUSDT,TOWNS,GLOBAL,TOWNSUSDT
PROVEUSDT,PROVE,GLOBAL,PROVEUSDT
BFUSDUSDT,BFUSD,GLOBAL,BFUSDUSDT
PLUMEUSDT,PLUME,GLOBAL,PLUMEUSDT
DOLOUSDT,DOLO,GLOBAL,DOLOUSDT
MITOUSDT,MITO,GLOBAL,MITOUSDT
WLFIUSDT,WLFI,GLOBAL,WLFIUSDT
SOMIUSDT,SOMI,GLOBAL,SOMIUSDT
OPENUSDT,OPEN,GLOBAL,OPENUSDT
USDEUSDT,USDE,GLOBAL,USDEUSDT
LINEAUSDT,LINEA,GLOBAL,LINEAUSDT
HOLOUSDT,HOLO,GLOBAL,HOLOUSDT
PUMPUSDT,PUMP,GLOBAL,PUMPUSDT
AVNTUSDT,AVNT,GLOBAL,AVNTUSDT
ZKCUSDT,ZKC,GLOBAL,ZKCUSDT
SKYUSDT,SKY,GLOBAL,SKYUSDT
BARDUSDT,BARD,GLOBAL,BARDUSDT
0GUSDT,0G,GLOBAL,0GUSDT
HEMIUSDT,HEMI,GLOBAL,HEMIUSDT
XPLUSDT,XPL,GLOBAL,XPLUSDT
MIRAUSDT,MIRA,GLOBAL,MIRAUSDT
FFUSDT,FF,GLOBAL,FFUSDT
EDENUSDT,EDEN,GLOBAL,EDENUSDT
NOMUSDT,NOM,GLOBAL,NOMUSDT
2ZUSDT,2Z,GLOBAL,2ZUSDT
MORPHOUSDT,MORPHO,GLOBAL,MORPHOUSDT
ASTERUSDT,ASTER,GLOBAL,ASTERUSDT
WALUSDT,WAL,GLOBAL,WALUSDT
EULUSDT,EUL,GLOBAL,EULUSDT
ENSOUSDT,ENSO,GLOBAL,ENSOUSDT
YBUSDT,YB,GLOBAL,YBUSDT
ZBTUSDT,ZBT,GLOBAL,ZBTUSDT
TURTLEUSDT,TURTLE,GLOBAL,TURTLEUSDT
GIGGLEUSDT,GIGGLE,GLOBAL,GIGGLEUSDT
FUSDT,F,GLOBAL,FUSDT
KITEUSDT,KITE,GLOBAL,KITEUSDT
MMTUSDT,MMT,GLOBAL,MMTUSDT
SAPIENUSDT,SAPIEN,GLOBAL,SAPIENUSDT
ALLOUSDT,ALLO,GLOBAL,ALLOUSDT
BANKUSDT,BANK,GLOBAL,BANKUSDT
METUSDT,MET,GLOBAL,METUSDT
ATUSDT,AT,GLOBAL,ATUSDT
